
type="company" 
block="block/Keyes_brick.js"
generator="generator/Keyes_brick.js" 
language="language/Keyes_brick/" 
lib="Keyes_brick"
hardware="hardware/arduino"
media="media/keyes" 



<script type="text/javascript" src="../../blocks/company/Keyes_brick.js"></script>
<script type="text/javascript" src="../../generators/arduino/company/Keyes_brick.js"></script>
<category id="keyes" name="Keyes brick" colour="20">

	<!--                  控制输出                 -->
	<category id="keyes_controloutput" name="keyes_Control Output" colour="20">

		<block type="ke_a_Write">
			<value name="PIN">
				<shadow type="pins_digital"></shadow>
			</value>
			<value name="num">
				<shadow type="math_number">
					<field name="NUM">0</field>
				</shadow>
			</value>
		</block>

		<block type="ke_led_r">
			<value name="PIN">
				<shadow type="pins_digital"></shadow>
			</value>
		</block>

	
		<block type="ke_led_y">
			<value name="PIN">
				<shadow type="pins_digital"></shadow>
			</value>
		</block>
		<block type="ke_led_w">
			<value name="PIN">
				<shadow type="pins_digital"></shadow>
			</value>
		</block>

		<block type="ke_led_g">
			<value name="PIN">
				<shadow type="pins_digital"></shadow>
			</value>
		</block>

		
		<block type="ke_led4">
			<value name="PIN">
				<shadow type="pins_digital"></shadow>
			</value>
		</block>
		

		<block type="ke_dual">
			<value name="PIN1">
				<shadow type="pins_digital">
					<field name="PIN">3</field>
				</shadow>
			</value>
			<value name="PIN2">
				<shadow type="pins_digital">
					<field name="PIN">4</field>
				</shadow>
			</value>
		</block>

<!--
		<block type="ke_qcd">
			<value name="PIN">
				<shadow type="pins_digital"></shadow>
			</value>
		</block>
	-->
<!--           RGB1      -->
		<block type="ke_rgb1_1">
			<value name="PIN1">
				<shadow type="pins_digital"></shadow>
			</value>
			<value name="PIN2">
				<shadow type="pins_digital"></shadow>
			</value>
			<value name="PIN3">
				<shadow type="pins_digital"></shadow>
			</value>
		</block>

		<block type="ke_rgb1_2">
			<value name="R">
				<shadow type="pins_digital">
					<field name="PIN">3</field>
				</shadow>
			</value>
			<value name="r">
				<shadow type="math_number">
					<field name="NUM">0</field>
				</shadow>
			</value>
			<value name="G">
				<shadow type="pins_digital">
					<field name="PIN">5</field>
				</shadow>
			</value>
			<value name="g">
				<shadow type="math_number">
					<field name="NUM">0</field>
				</shadow>
			</value>
			<value name="B">
				<shadow type="pins_digital">
					<field name="PIN">6</field>
				</shadow>
			</value>
			<value name="b">
				<shadow type="math_number">
					<field name="NUM">0</field>
				</shadow>
			</value>

		</block>

		<!--           RGB2     -->
		<block type="ke_rgb2_1">
			<value name="PIN1">
				<shadow type="pins_digital"></shadow>
			</value>
			<value name="PIN2">
				<shadow type="pins_digital"></shadow>
			</value>
			<value name="PIN3">
				<shadow type="pins_digital"></shadow>
			</value>
		</block>

		<block type="ke_rgb2_2">
			<value name="R">
				<shadow type="pins_digital">
					<field name="PIN">3</field>
				</shadow>
			</value>
			<value name="r">
				<shadow type="math_number">
					<field name="NUM">0</field>
				</shadow>
			</value>
			<value name="G">
				<shadow type="pins_digital">
					<field name="PIN">5</field>
				</shadow>
			</value>
			<value name="g">
				<shadow type="math_number">
					<field name="NUM">0</field>
				</shadow>
			</value>
			<value name="B">
				<shadow type="pins_digital">
					<field name="PIN">6</field>
				</shadow>
			</value>
			<value name="b">
				<shadow type="math_number">
					<field name="NUM">0</field>
				</shadow>
			</value>

		</block>

	

		<block type="ke_w_buzzer1">
			<value name="PIN">
				<shadow type="pins_digital"></shadow>
			</value>
		</block>
	

		<block type="ke_tone01">
			<value name="tone">
				<shadow type="FREQUENCY"></shadow>
			</value>
		</block>

		      
		<block type="ke_buzzer">
			<value name="PIN">
				   <shadow type="pins_digital"></shadow>
			    </value>
			<value name="FREQUENCY">
				   <shadow type="ke_tone01"></shadow>
			</value>
			
			<value name="DURATION">
				<shadow type="math_number">
					<field name="NUM">1000</field>
				</shadow>
			</value>

			
		</block> 

		
		<block type="ke_music">
			<value name="PIN">
				<shadow type="pins_digital"></shadow>
			</value>
			
		</block>  
		
		
		<block type="ke_notone">
			<value name="PIN">
				<shadow type="pins_digital"></shadow>
			</value>
		</block>


		<block type="ke_relay">
			<value name="PIN">
				<shadow type="pins_digital"></shadow>
			</value>
		</block> 

		<block type="ke_jg">
			<value name="PIN">
				<shadow type="pins_digital"></shadow>
			</value>
		</block> 
	
	<!--
		<block type="ke_motor">
			<value name="PIN1">
				<shadow type="pins_digital"></shadow>
			</value>
			<value name="PIN2">
				<shadow type="pins_digital"></shadow>
			</value>
		</block>

		<block type="ke_motor001">
			<value name="PIN1">
				<shadow type="pins_digital"></shadow>
			</value>
			<value name="PIN2">
				<shadow type="pins_digital"></shadow>
			</value>

			<value name="pwma">
				<shadow type="math_number">
					<field name="NUM">0</field>
				</shadow>
			</value>
			<value name="pwmb">
				<shadow type="math_number">
					<field name="NUM">0</field>
				</shadow>
			</value>

		</block>
	

		<block type="ke_motor2">
			<value name="PIN1">
				<shadow type="pins_digital"></shadow>
			</value>
			<value name="PIN2">
				<shadow type="pins_digital"></shadow>
			</value>
		</block>

		<block type="ke_motor002">
			<value name="PIN1">
				<shadow type="pins_digital"></shadow>
			</value>
			<value name="PIN2">
				<shadow type="pins_digital"></shadow>
			</value>

			<value name="pwma">
				<shadow type="math_number">
					<field name="NUM">0</field>
				</shadow>
			</value>
			<value name="pwmb">
				<shadow type="math_number">
					<field name="NUM">0</field>
				</shadow>
			</value>
		</block>

		-->

<!--                   TB6612电机驱动              

		<block type="ke_tb6612">
			<value name="MA">
				<shadow type="pins_digital"></shadow>
			</value>
			<value name="MB">
				<shadow type="pins_digital"></shadow>
			</value>
			<value name="PWMA">
				<shadow type="pins_digital"></shadow>
			</value>
			<value name="PWMB">
				<shadow type="pins_digital"></shadow>
			</value>
			<value name="pwma">
				<shadow type="math_number">
					<field name="NUM">0</field>
				</shadow>
			</value>
			<value name="pwmb">
				<shadow type="math_number">
					<field name="NUM">0</field>
				</shadow>
			</value>
		</block>


		<block type="ke_servo">
			<value name="PIN">
				<shadow type="pins_digital"></shadow>
			</value>
			<value name="angle">
				<shadow type="math_number">
					<field name="NUM">0</field>
				</shadow>
			</value>
			<value name="time">
				<shadow type="math_number">
					<field name="NUM">0</field>
				</shadow>
			</value>
		</block>

		<block type="ke_servo_r">
			<value name="PIN">
				<shadow type="pins_digital"></shadow>
			</value>
		</block>

		 -->
	
	</category>


	<!--                数字传感器              -->
	<category id="digitalRead" name="digitalRead" colour="20">

		<!--          人体红外传感器               -->
		<block type="ke_ir_g">
			<value name="PIN">
				<shadow type="pins_digital"></shadow>
			</value>
		</block>

		<!--          火焰传感器              
		<block type="ke_flame">
			<value name="PIN">
				<shadow type="pins_digital"></shadow>
			</value>
		</block>
		 -->
		<!--          霍尔传感器               -->
		<block type="ke_hall">
			<value name="PIN">
				<shadow type="pins_digital"></shadow>
			</value>
		</block>

		<!--          敲击传感器               -->
		<block type="ke_crash">
			<value name="PIN">
				<shadow type="pins_digital"></shadow>
			</value>
		</block>

		<!--          按键传感器               -->
		<block type="ke_button">
			<value name="PIN">
				<shadow type="pins_digital"></shadow>
			</value>
		</block>
		<!--          电容触摸传感器               -->
		<block type="ke_tuoch">
			<value name="PIN">
				<shadow type="pins_digital"></shadow>
			</value>
		</block>
		<!--          碰撞传感器               -->
		<block type="ke_knock">
			<value name="PIN">
				<shadow type="pins_digital"></shadow>
			</value>
		</block>

		<!--          倾斜传感器               -->
		<block type="ke_tilt">
			<value name="PIN">
				<shadow type="pins_digital"></shadow>
			</value>
		</block>

		<!--          振动传感器               -->
		<block type="ke_shake">
			<value name="PIN">
				<shadow type="pins_digital"></shadow>
			</value>
		</block>

		

		<!--          干簧管传感器               -->
		<block type="ke_reed_s">
			<value name="PIN">
				<shadow type="pins_digital"></shadow>
			</value>
		</block>

		<!--          循迹传感器               -->
		<block type="ke_track">
			<value name="PIN">
				<shadow type="pins_digital"></shadow>
			</value>
		</block>
	

		<!--          避障传感器               -->
		<block type="ke_avoid">
			<value name="PIN">
				<shadow type="pins_digital"></shadow>
			</value>
		</block>

		<!--          光折断传感器               -->
		<block type="ke_light_b">
			<value name="PIN">
				<shadow type="pins_digital"></shadow>
			</value>
		</block>

		<!--          烟雾数字传感器               -->
		<block type="ke_smoke_D">
			<value name="PIN">
				<shadow type="pins_digital"></shadow>
			</value>
		</block>

		<!--          酒精数字传感器               -->
		<block type="ke_alcohol_D">
			<value name="PIN">
				<shadow type="pins_digital"></shadow>
			</value>
		</block>

		<!--          旋转编码器              -->
	<!--	<block type="ke_rotation">
			<value name="CLK">
				<shadow type="pins_digital"></shadow>
			</value>
			<value name="DAT">
				<shadow type="pins_digital"></shadow>
			</value>
			<value name="SW">
				<shadow type="pins_digital"></shadow>
			</value>
		</block>
	-->

	</category>

	<!--               模拟传感器              -->
	<category id="analogRead" name="analogRead" colour="20">

		<!--              模拟温度传感器              -->
		<block type="ke_analog_t">
			<value name="PIN">
				<shadow type="pins_analog"></shadow>
			</value>
		</block>
		<!--              声音传感器              -->
		<block type="ke_sound">
			<value name="PIN">
				<shadow type="pins_analog"></shadow>
			</value>
		</block>
		<!--              光线传感器              -->
		<block type="ke_light">
			<value name="PIN">
				<shadow type="pins_analog"></shadow>
			</value>
		</block>
		<!--              水位传感器              -->
	<!--	<block type="ke_water">
			<value name="PIN">
				<shadow type="pins_analog"></shadow>
			</value>
		</block>
	-->

		<!--              土壤传感器              -->
	<!--	<block type="ke_soil">
			<value name="PIN">
				<shadow type="pins_analog"></shadow>
			</value>
		</block>
    -->

		<!--              电位器传感器              -->
		<block type="ke_potentiometer">
			<value name="PIN">
				<shadow type="pins_analog"></shadow>
			</value>
		</block>
		<!--              LM35传感器              -->
		<block type="ke_lm35">
			<value name="PIN">
				<shadow type="pins_analog"></shadow>
			</value>
		</block>
		<!--              滑动电位器             
		<block type="ke_slide_potentiometer">
			<value name="PIN">
				<shadow type="pins_analog"></shadow>
			</value>
		</block>
		 -->
		<!--              TEMT6000环境光           -->   
		<block type="ke_temt6000">
			<value name="PIN">
				<shadow type="pins_analog"></shadow>
			</value>
		</block>
		
		<!--              水蒸气传感器             
		<block type="ke_steam">
			<value name="PIN">
				<shadow type="pins_analog"></shadow>
			</value>
		</block>
		 -->
		<!--              薄膜压力传感器             
		<block type="ke_film_p">
			<value name="PIN">
				<shadow type="pins_analog"></shadow>
			</value>
		</block>
		 -->
		

		<!--              烟雾传感器              -->
		<block type="ke_smoke">
			<value name="PIN">
				<shadow type="pins_analog"></shadow>
			</value>
		</block>
		<!--              酒精传感器              -->
		<block type="ke_alcohol">
			<value name="PIN">
				<shadow type="pins_analog"></shadow>
			</value>
		</block>

		<!--              手指测心跳模块              -->
		<block type="ke_shouzhi">
			<value name="PIN">
				<shadow type="pins_analog"></shadow>
			</value>
		</block>

		<!--              MQ135空气质量              
		<block type="ke_mq135">
			<value name="PIN">
				<shadow type="pins_analog"></shadow>
			</value>
		</block>
		-->

		<!--             火焰模拟传感器              
		<block type="ke_fire2">
			<value name="PIN">
				<shadow type="pins_analog"></shadow>
			</value>
		</block>
		
		-->
		
		
	</category>

	<category id="sensor" name="Special Modules" colour="20">

		<!--              ADKey             
		<block type="ke_ADKey">
			<value name="PIN">
				<shadow type="pins_analog"></shadow>
			</value>
		</block>
		 -->
		 <!--         魔术光杯led              -->
	    <block type="ke_msgb_led">
			<value name="PIN">
				<shadow type="pins_digital"></shadow>
			</value>
		</block>

		<!--         魔术光杯传感器               -->
		<block type="ke_msgb_sor">
			<value name="PIN">
				<shadow type="pins_digital"></shadow>
			</value>
		</block>



		<block type="ke_sr01">
			<value name="PIN1">
				<shadow type="pins_digital">
					<field name="PIN">3</field>
				</shadow>
			</value>
			<value name="PIN2">
				<shadow type="pins_digital">
					<field name="PIN">4</field>
				</shadow>
			</value>	
		</block>

		<!--              18B20温度模块              -->
		<block type="ke_18b20">
			<value name="PIN">
				<shadow type="pins_digital"></shadow>
			</value>
		</block>

		<block type="ke_adxl345">
			<value name="PIN">
				<shadow type="pins_digital"></shadow>
			</value>
		</block> 

		



		<!--              BMP280高度计模块             
		<block type="ke_bmp280">
			
		</block>
		 -->


		<!--              BMP180高度计模块             
		<block type="ke_bmp180">
			
		</block>
		 -->

		<!--              DS3231模块             
		<block type="ke_ds3231">
			<value name="dow">
				<shadow type="math_number">
					<field name="NUM">1</field>
				</shadow>
			</value>
			<value name="day">
				<shadow type="math_number">
					<field name="NUM">0</field>
				</shadow>
			</value>
			<value name="month">
				<shadow type="math_number">
					<field name="NUM">0</field>
				</shadow>
			</value>
			<value name="year">
				<shadow type="math_number">
					<field name="NUM">0</field>
				</shadow>
			</value>
			
			
			<value name="hour">
				<shadow type="math_number">
					<field name="NUM">0</field>
				</shadow>
			</value>
			<value name="minute">
				<shadow type="math_number">
					<field name="NUM">0</field>
				</shadow>
			</value>
			<value name="second">
				<shadow type="math_number">
					<field name="NUM">0</field>
				</shadow>
			</value>
		</block>
		 -->

		<!--              DS3231读取时间模块             
		<block type="ke_ds3231getTime">
			
		</block>
		-->

		<!--              温湿度模块             -->
		<block type="ke_dht11">
			<value name="PIN">
				<shadow type="pins_digital"></shadow>
			</value>
		</block>

	

		<!--              旋转编码器按钮             -->
		<block type="ke_rotation_button">
			<value name="button">
				<shadow type="pins_digital">
					<field name="PIN">2</field>
				</shadow>
			</value>
		</block>
		

		<!--              旋转编码器右转             -->
		<block type="ke_rotation_right">
			<value name="DAT">
				<shadow type="pins_digital">
					<field name="PIN"3</field>
				</shadow>
			</value>

			<value name="CLK">
				<shadow type="pins_digital">
					<field name="PIN">4</field>
				</shadow>
			</value>
    	
		</block>

		<!--              摇杆传感器              -->
		<block type="ke_joystick">
			<value name="PIN">
				<shadow type="pins_analog"></shadow>
			</value>
		</block>

		<!--              摇杆传感器_按钮             -->
		<block type="ke_joystick_btn">
			<value name="PIN">
				<shadow type="pins_digital"></shadow>
			</value>
		</block>

		
		

		<!--           pca9685                
		<block type="ke_pca9685">
			
			<value name="pin">
				<shadow type="math_number">
					<field name="NUM">0</field>
				</shadow>
			</value>
			<value name="pwm">
				<shadow type="math_number">
					<field name="NUM">0</field>
				</shadow>
			</value>
			
		</block>
		-->



		
	</category>

	<category id="print" name="display screen" colour="20">

    <!--           RGB灯                
		<block type="ke_rgb2812">
			<value name="PIN">
				<shadow type="pins_digital"></shadow>
			</value>
			<value name="num01">
				<shadow type="math_number">
					<field name="NUM">0</field>
				</shadow>
			</value>
			<value name="red">
				<shadow type="math_number">
					<field name="NUM">0</field>
				</shadow>
			</value>
			<value name="green">
				<shadow type="math_number">
					<field name="NUM">0</field>
				</shadow>
			</value>
			<value name="blue">
				<shadow type="math_number">
					<field name="NUM">0</field>
				</shadow>
			</value>
		</block>
		-->

	 <!--           TM1637数码管初始化               -->	
		<block type="ke_tm1637_init">
			<value name="PIN1">
				<shadow type="pins_digital">4</shadow>
			</value>
			<value name="PIN2">
				<shadow type="pins_digital">3</shadow>
			</value>
		</block>

   <!--           TM1637数码管自定义显示              -->
		<block type="ke_tm1637_dy">
			<value name="num">
				<shadow type="math_number">
					<field name="NUM">0</field>
				</shadow>
			</value>
			<value name="weishu">
				<shadow type="math_number">
					<field name="NUM">0</field>
				</shadow>
			</value>
			<value name="wei">
				<shadow type="math_number">
					<field name="NUM">0</field>
				</shadow>
			</value>
		</block>

		<!--           TM1637数码管自定义显示是否填充0              -->
		<block type="ke_tm1637_tc">
			<value name="num">
				<shadow type="math_number">
					<field name="NUM">0</field>
				</shadow>
			</value>
			<value name="0and1">
				<shadow type="math_Boolean">
					<field name="NUM">0</field>
				</shadow>
			</value>
		</block>
		<!--           TM1637数码管亮度             -->
		<block type="ke_tm1637_ld">
			<value name="num">
				<shadow type="math_number">
					<field name="NUM">0</field>
				</shadow>
			</value>
		</block>

        <!--           TM1637数码管是否隐藏             -->
		<block type="ke_tm1637_yc">
			<value name="BOOL">
				<shadow type="math_Boolean">
					<field name="NUM">0</field>
				</shadow>
			</value>
		</block>

		<!--           TM1637数码管自定义显示是否显示冒号              -->
		<block type="ke_tm1637_mh">
			<value name="num1">
				<shadow type="math_number">
					<field name="NUM">0</field>
				</shadow>
			</value>
			<value name="num2">
				<shadow type="math_number">
					<field name="NUM">0</field>
				</shadow>
			<value name="BOOL">
				<shadow type="math_Boolean">
					<field name="NUM">0</field>
				</shadow>
			</value>
		</block>

		

		<!--                   8*8点阵                    -->
	        
   			<block type="ke_matrix_init">
   				<value name="address">
					<shadow type="math_number">
						<field name="NUM">0x70</field>
					</shadow>
				</value>

				<value name="PIN1">
					<shadow type="pins_digital">
						<field name="PIN">A4</field>
					</shadow>
			    </value>

			    <value name="PIN2">
					<shadow type="pins_digital">
						<field name="PIN">A5</field>
					</shadow>
			    </value>
				
			</block>


			<block type="ke_Matrix_POS">
				<value name="XVALUE">
				<shadow type="math_number">
					<field name="XVALUE1">0</field>
				</shadow>
			    </value>

			  <value name="YVALUE">
				<shadow type="math_number">
					<field name="YVALUE1">0</field>
				</shadow>
			    </value>
		    </block>


   			<block type="ke_Matrix_Rotation" name="旋转">
				
			</block>
			

			<block type="ke_matrix_text" name="字符">
				<value name="TEXT">
				<shadow type="text">
                    <field name="TEXT">hello</field>
                </shadow>
			</value>
			</block>

			<block type="ke_matrix1" name="点阵屏显示_显示图案">
				<value name="LEDArray">
					<block type="ke_matrix2"></block>
				</value>
			</block>

			

			<block type="ke_matrix_clear" name="清屏">
				
			</block>


			 <!--                1602LCD无IIC                    
		<block type="ke_1602lcd_w">
			<value name="TEXT1">
				<shadow type="text">
                    <field name="TEXT1">line1</field>
                </shadow>
			</value>
			<value name="TEXT2">
				<shadow type="text">
                    <field name="TEXT2">line2</field>
                </shadow>
			</value>
		</block>
		-->


		 <!--                1602LCD                    -->
		<block type="ke_1602lcd_init">
			<value name="address">
				<shadow type="math_number">
					<field name="NUM">0x27</field>
				</shadow>
			    </value>

		</block>


        <!--                1602LCD                    -->
		<block type="ke_1602lcd">
			<value name="TEXT">
				<shadow type="text">
                    <field name="TEXT">line1</field>
                </shadow>
			</value>
			<value name="TEXT2">
				<shadow type="text">
                    <field name="TEXT">line2</field>
                </shadow>
			</value>
		</block>

		<block type="ke_1602lcd_print2">
			<value name="row">
				<shadow type="math_number">
					<field name="row">1</field>
				</shadow>
			    </value>

			  <value name="column">
				<shadow type="math_number">
					<field name="column">1</field>
				</shadow>
			    </value>

			    <value name="TEXT">
				<shadow type="text">
                    <field name="TEXT">hello</field>
                </shadow>
			</value>

		</block>

		<!--                1602LCD 左移                   -->
		<block type="ke_1602lcd_left">

		</block>

		<!--                1602LCD 右移                   -->
		<block type="ke_1602lcd_right">

		</block>


		<!--                1602LCD                    -->
		<block type="ke_1602lcd_clear">

		</block>



	


		 
		 <!--                1602LCD                    
		<block type="ke_1602lcd_init">
			<value name="address">
				<shadow type="math_number">
					<field name="NUM">0x27</field>
				</shadow>
			    </value>

		</block>


        
		<block type="ke_1602lcd">
			<value name="TEXT">
				<shadow type="text">
                    <field name="TEXT">line1</field>
                </shadow>
			</value>
			<value name="TEXT2">
				<shadow type="text">
                    <field name="TEXT">line2</field>
                </shadow>
			</value>
		</block>

		<block type="ke_1602lcd_print2">
			<value name="row">
				<shadow type="math_number">
					<field name="row">1</field>
				</shadow>
			    </value>

			  <value name="column">
				<shadow type="math_number">
					<field name="column">1</field>
				</shadow>
			    </value>

			    <value name="TEXT">
				<shadow type="text">
                    <field name="TEXT">hello</field>
                </shadow>
			</value>

		</block>

		
		<block type="ke_1602lcd_left">

		</block>

		
		<block type="ke_1602lcd_right">

		</block>


		
		<block type="ke_1602lcd_clear">

		</block>
	-->

		

	<!--	<block type="ke_2004lcd">
			<value name="TEXT1">
				<block type="text">
					<field name="TEXT1"></field>
				</block>
			</value>
			<value name="TEXT2">
				<block type="text">
					<field name="TEXT2"></field>
				</block>
			</value>
			<value name="TEXT3">
				<block type="text">
					<field name="TEXT3"></field>
				</block>
			</value>
			<value name="TEXT4">
				<block type="text">
					<field name="TEXT4"></field>
				</block>
			</value>
		</block>
	-->

	<!--                OLED_init                   
		<block type="ke_OLED_init">

		</block>

		
		<block type="ke_OLED_piexl">
			<value name="val_x">
				<shadow type="math_number">
					<field name="NUM1">0</field>
				</shadow>
			</value>
			<value name="val_y">
				<shadow type="math_number">
					<field name="NUM2">0</field>
				</shadow>
			</value>
		</block>

		
		<block type="ke_OLED_line">
			<value name="val_x1">
				<shadow type="math_number">
					<field name="NUM1">0</field>
				</shadow>
			</value>
			<value name="val_y1">
				<shadow type="math_number">
					<field name="NUM2">0</field>
				</shadow>
			</value>

			<value name="val_x2">
				<shadow type="math_number">
					<field name="NUM3">0</field>
				</shadow>
			</value>
			<value name="val_y2">
				<shadow type="math_number">
					<field name="NUM4">0</field>
				</shadow>
			</value>
		</block>

		
		<block type="ke_OLED_rect">
			<value name="val_x1">
				<shadow type="math_number">
					<field name="NUM1">0</field>
				</shadow>
			</value>
			<value name="val_y1">
				<shadow type="math_number">
					<field name="NUM2">0</field>
				</shadow>
			</value>

			<value name="val_x2">
				<shadow type="math_number">
					<field name="NUM3">0</field>
				</shadow>
			</value>
			<value name="val_y2">
				<shadow type="math_number">
					<field name="NUM4">0</field>
				</shadow>
			</value>
		</block>

		
		<block type="ke_OLED_fullrect">
			<value name="val_x1">
				<shadow type="math_number">
					<field name="NUM1">0</field>
				</shadow>
			</value>
			<value name="val_y1">
				<shadow type="math_number">
					<field name="NUM2">0</field>
				</shadow>
			</value>

			<value name="val_x2">
				<shadow type="math_number">
					<field name="NUM3">0</field>
				</shadow>
			</value>
			<value name="val_y2">
				<shadow type="math_number">
					<field name="NUM4">0</field>
				</shadow>
			</value>
		</block>

		
		<block type="ke_OLED_roundrect">
			<value name="val_x1">
				<shadow type="math_number">
					<field name="NUM1">0</field>
				</shadow>
			</value>
			<value name="val_y1">
				<shadow type="math_number">
					<field name="NUM2">0</field>
				</shadow>
			</value>

			<value name="val_x2">
				<shadow type="math_number">
					<field name="NUM3">0</field>
				</shadow>
			</value>
			<value name="val_y2">
				<shadow type="math_number">
					<field name="NUM4">0</field>
				</shadow>
			</value>

			<value name="val_round">
				<shadow type="math_number">
					<field name="NUM5">0</field>
				</shadow>
			</value>
		</block>

		
		<block type="ke_OLED_fullroundrect">
			<value name="val_x1">
				<shadow type="math_number">
					<field name="NUM1">0</field>
				</shadow>
			</value>
			<value name="val_y1">
				<shadow type="math_number">
					<field name="NUM2">0</field>
				</shadow>
			</value>

			<value name="val_x2">
				<shadow type="math_number">
					<field name="NUM3">0</field>
				</shadow>
			</value>
			<value name="val_y2">
				<shadow type="math_number">
					<field name="NUM4">0</field>
				</shadow>
			</value>

			<value name="val_round">
				<shadow type="math_number">
					<field name="NUM5">0</field>
				</shadow>
			</value>
		</block>

		
		<block type="ke_OLED_circle">
			<value name="val_x1">
				<shadow type="math_number">
					<field name="NUM1">0</field>
				</shadow>
			</value>
			<value name="val_y1">
				<shadow type="math_number">
					<field name="NUM2">0</field>
				</shadow>
			</value>

			<value name="val_circle">
				<shadow type="math_number">
					<field name="NUM3">0</field>
				</shadow>
			</value>
			
		</block>

		
		<block type="ke_OLED_fullcircle">
			<value name="val_x1">
				<shadow type="math_number">
					<field name="NUM1">0</field>
				</shadow>
			</value>
			<value name="val_y1">
				<shadow type="math_number">
					<field name="NUM2">0</field>
				</shadow>
			</value>

			<value name="val_circle">
				<shadow type="math_number">
					<field name="NUM3">0</field>
				</shadow>
			</value>
			
		</block>

		
		<block type="ke_OLED_triangle">
			<value name="val_x1">
				<shadow type="math_number">
					<field name="NUM1">0</field>
				</shadow>
			</value>
			<value name="val_y1">
				<shadow type="math_number">
					<field name="NUM2">0</field>
				</shadow>
			</value>

			<value name="val_x2">
				<shadow type="math_number">
					<field name="NUM3">0</field>
				</shadow>
			</value>
			<value name="val_y2">
				<shadow type="math_number">
					<field name="NUM4">0</field>
				</shadow>
			</value>

			<value name="val_x3">
				<shadow type="math_number">
					<field name="NUM5">0</field>
				</shadow>
			</value>
			<value name="val_y3">
				<shadow type="math_number">
					<field name="NUM6">0</field>
				</shadow>
			</value>
		</block>

		
		<block type="ke_OLED_fulltriangle">
			<value name="val_x1">
				<shadow type="math_number">
					<field name="NUM1">0</field>
				</shadow>
			</value>
			<value name="val_y1">
				<shadow type="math_number">
					<field name="NUM2">0</field>
				</shadow>
			</value>

			<value name="val_x2">
				<shadow type="math_number">
					<field name="NUM3">0</field>
				</shadow>
			</value>
			<value name="val_y2">
				<shadow type="math_number">
					<field name="NUM4">0</field>
				</shadow>
			</value>

			<value name="val_x3">
				<shadow type="math_number">
					<field name="NUM5">0</field>
				</shadow>
			</value>
			<value name="val_y3">
				<shadow type="math_number">
					<field name="NUM6">0</field>
				</shadow>
			</value>
		</block>

		
		<block type="ke_OLED_string">
			<value name="size">
				<shadow type="math_number">
					<field name="NUM">0</field>
				</shadow>
			</value>
			<value name="val_x1">
				<shadow type="math_number">
					<field name="NUM1">0</field>
				</shadow>
			</value>
			<value name="val_y1">
				<shadow type="math_number">
					<field name="NUM2">0</field>
				</shadow>
			</value>
			<value name="TEXT1">
				<shadow type="text">
                    <field name="TEXT">hello</field>
                </shadow>
			</value>
			
		</block>

		<block type="ke_oled">
			<value name="size">
				<shadow type="math_number">
					<field name="NUM">0</field>
				</shadow>
			</value>
			<value name="TEXT1">
				<shadow type="text">
                    <field name="TEXT">line1</field>
                </shadow>
			</value>
			<value name="TEXT2">
				<shadow type="text">
                    <field name="TEXT">line2</field>
                </shadow>
			</value>
			<value name="TEXT3">
				<shadow type="text">
                    <field name="TEXT">line3</field>
                </shadow>
			</value>
			<value name="TEXT4">
				<shadow type="text">
                    <field name="TEXT">line4</field>
                </shadow>
			</value>
		</block>


		<block type="ke_oled_clear">
			
		</block>
	-->



	</category>

	<category id="communicate" name="communication" colour="20">

		<block type="ke_ir_r">
			<value name="PIN">
				<shadow type="pins_digital"></shadow>
			</value>
		</block>

		<block type="ke_ir_s">
			<value name="num1">
				<shadow type="math_number">
					<field name="NUM1">0x00</field>
				</shadow>
			</value>
		</block>

	<!--	<block type="ke_bluetooth">
			<value name="PIN1">
				<shadow type="pins_digital"></shadow>
			</value>
			<value name="PIN2">
				<shadow type="pins_digital"></shadow>
			</value>
		</block>
    -->



		
	</category>

</category>